nome_curso_grad,campus,modalidade,habilitacao,sigla_centro,nome_centro,url_curso_grad,THE_classificacao
ADMINISTRAÇÃO,Mamanguape,Presencial,Bacharelado,CCAE,CENTRO DE CIÊNCIAS APLICADAS E EDUCAÇÃO,https://sigaa.ufpb.br/sigaa/public/curso/portal.jsf?id=11449719&lc=pt_BR,Business and Economics
ADMINISTRAÇÃO,João Pessoa,Presencial,Bacharelado,CCSA,CENTRO DE CIÊNCIAS SOCIAIS E APLICADAS,https://sigaa.ufpb.br/sigaa/public/curso/portal.jsf?id=1626692&lc=pt_BR,Business and Economics
ADMINISTRAÇÃO,Bananeiras,Presencial,Bacharelado,CCHSA,CENTRO DE CIÊNCIAS HUMANAS SOCIAIS E AGRÁRIAS,https://sigaa.ufpb.br/sigaa/public/curso/portal.jsf?id=1626764&lc=pt_BR,Business and Economics
ADMINISTRAÇÃO PÚBLICA,João Pessoa,A Distância,Bacharelado,CT,CENTRO DE TECNOLOGIA,https://sigaa.ufpb.br/sigaa/public/curso/portal.jsf?id=1813969&lc=pt_BR,Business and Economics
AGROECOLOGIA,Bananeiras,Presencial,Bacharelado,CCHSA,CENTRO DE CIÊNCIAS HUMANAS SOCIAIS E AGRÁRIAS,https://sigaa.ufpb.br/sigaa/public/curso/portal.jsf?id=1626662&lc=pt_BR,Life Sciences
AGROINDÚSTRIA,Bananeiras,Presencial,Bacharelado,CCHSA,CENTRO DE CIÊNCIAS HUMANAS SOCIAIS E AGRÁRIAS,https://sigaa.ufpb.br/sigaa/public/curso/portal.jsf?id=1626648&lc=pt_BR,Business and Economics
AGRONOMIA,Areia,Presencial,Bacharelado,CCA,CENTRO DE CIÊNCIAS AGRÁRIAS,https://sigaa.ufpb.br/sigaa/public/curso/portal.jsf?id=1626755&lc=pt_BR,Life Sciences
ANTROPOLOGIA,Rio Tinto,Presencial,Bacharelado,CCAE,CENTRO DE CIÊNCIAS APLICADAS E EDUCAÇÃO,https://sigaa.ufpb.br/sigaa/public/curso/portal.jsf?id=1626862&lc=pt_BR,Social Sciences
ARQUITETURA E URBANISMO,João Pessoa,Presencial,Bacharelado,CT,CENTRO DE TECNOLOGIA,https://sigaa.ufpb.br/sigaa/public/curso/portal.jsf?id=1626736&lc=pt_BR,Arts and Humanities
ARQUIVOLOGIA,João Pessoa,Presencial,Bacharelado,CCSA,CENTRO DE CIÊNCIAS SOCIAIS E APLICADAS,https://sigaa.ufpb.br/sigaa/public/curso/portal.jsf?id=1626802&lc=pt_BR,Social Sciences
ARTES VISUAIS,João Pessoa,Presencial,Bacharelado e Licenciatura,CCTA,"CENTRO DE COMUNICAÇÃO, TURISMO E ARTES",https://sigaa.ufpb.br/sigaa/public/curso/portal.jsf?id=1626843&lc=pt_BR,Arts and Humanities
BIBLIOTECONOMIA,João Pessoa,Presencial,Bacharelado,CCSA,CENTRO DE CIÊNCIAS SOCIAIS E APLICADAS,https://sigaa.ufpb.br/sigaa/public/curso/portal.jsf?id=1626693&lc=pt_BR,Social Sciences
BIOMEDICINA,João Pessoa,Presencial,Bacharelado,CCS,CENTRO DE CIÊNCIAS DA SAÚDE,https://sigaa.ufpb.br/sigaa/public/curso/portal.jsf?id=7906146&lc=pt_BR,Life Sciences
BIOTECNOLOGIA,João Pessoa,Presencial,Bacharelado,CBIOTEC,CENTRO DE BIOTECNOLOGIA,https://sigaa.ufpb.br/sigaa/public/curso/portal.jsf?id=1626776&lc=pt_BR,Life Sciences
CINEMA E AUDIOVISUAL,João Pessoa,Presencial,Bacharelado,CCTA,"CENTRO DE COMUNICAÇÃO, TURISMO E ARTES",https://sigaa.ufpb.br/sigaa/public/curso/portal.jsf?id=1626772&lc=pt_BR,Arts and Humanities
CIÊNCIA DA COMPUTAÇÃO,João Pessoa,Presencial,Bacharelado,CI,CENTRO DE INFORMÁTICA,https://sigaa.ufpb.br/sigaa/public/curso/portal.jsf?id=1626669&lc=pt_BR,Computer Science
CIÊNCIA DA COMPUTAÇÃO,Rio Tinto,Presencial,Licenciatura,CCAE,CENTRO DE CIÊNCIAS APLICADAS E EDUCAÇÃO,https://sigaa.ufpb.br/sigaa/public/curso/portal.jsf?id=1626786&lc=pt_BR,Computer Science
CIÊNCIA DE DADOS E INTELIGÊNCIA ARTIFICIAL,João Pessoa,Presencial,Bacharelado,CI,CENTRO DE INFORMÁTICA,https://sigaa.ufpb.br/sigaa/public/curso/portal.jsf?id=14289031&lc=pt_BR,Computer Science
CIÊNCIA DE DADOS PARA NEGÓCIOS,João Pessoa,Presencial,Bacharelado,CCSA,CENTRO DE CIÊNCIAS SOCIAIS E APLICADAS,https://sigaa.ufpb.br/sigaa/public/curso/portal.jsf?id=19420831&lc=pt_BR,Computer Science
CIÊNCIAS,João Pessoa,Presencial,Licenciatura,CCEN,CENTRO DE CIÊNCIAS EXATAS E DA NATUREZA,https://sigaa.ufpb.br/sigaa/public/curso/portal.jsf?id=1626670&lc=pt_BR,Education
CIÊNCIAS AGRÁRIAS,Bananeiras,A Distância,Licenciatura,CCHSA,CENTRO DE CIÊNCIAS HUMANAS SOCIAIS E AGRÁRIAS,https://sigaa.ufpb.br/sigaa/public/curso/portal.jsf?id=1626847&lc=pt_BR,Education
CIÊNCIAS AGRÁRIAS,Bananeiras,Presencial,Licenciatura,CCHSA,CENTRO DE CIÊNCIAS HUMANAS SOCIAIS E AGRÁRIAS,https://sigaa.ufpb.br/sigaa/public/curso/portal.jsf?id=1626758&lc=pt_BR,Education
CIÊNCIAS ATUARIAIS,João Pessoa,Presencial,Bacharelado,CCSA,CENTRO DE CIÊNCIAS SOCIAIS E APLICADAS,https://sigaa.ufpb.br/sigaa/public/curso/portal.jsf?id=1626665&lc=pt_BR,Business and Economics
CIÊNCIAS BIOLÓGICAS,Areia,Presencial,Bacharelado e Licenciatura,CCA,CENTRO DE CIÊNCIAS AGRÁRIAS,https://sigaa.ufpb.br/sigaa/public/curso/portal.jsf?id=1626780&lc=pt_BR,Life Sciences
CIÊNCIAS BIOLÓGICAS,João Pessoa,A Distância,Licenciatura,CCEN,CENTRO DE CIÊNCIAS EXATAS E DA NATUREZA,https://sigaa.ufpb.br/sigaa/public/curso/portal.jsf?id=1626846&lc=pt_BR,Education
CIÊNCIAS BIOLÓGICAS,João Pessoa,Presencial,Licenciatura,CCEN,CENTRO DE CIÊNCIAS EXATAS E DA NATUREZA,https://sigaa.ufpb.br/sigaa/public/curso/portal.jsf?id=5505677&lc=pt_BR,Life Sciences
CIÊNCIAS BIOLÓGICAS,João Pessoa,Presencial,Bacharelado,CCEN,CENTRO DE CIÊNCIAS EXATAS E DA NATUREZA,https://sigaa.ufpb.br/sigaa/public/curso/portal.jsf?id=1626855&lc=pt_BR,Life Sciences
CIÊNCIAS CONTÁBEIS,João Pessoa,Presencial,Bacharelado,CCSA,CENTRO DE CIÊNCIAS SOCIAIS E APLICADAS,https://sigaa.ufpb.br/sigaa/public/curso/portal.jsf?id=1626694&lc=pt_BR,Business and Economics
CIÊNCIAS CONTÁBEIS,Mamanguape,Presencial,Bacharelado,CCAE,CENTRO DE CIÊNCIAS APLICADAS E EDUCAÇÃO,https://sigaa.ufpb.br/sigaa/public/curso/portal.jsf?id=1626789&lc=pt_BR,Business and Economics
CIÊNCIAS DAS RELIGIÕES,João Pessoa,Presencial,Bacharelado e Licenciatura,CE,CENTRO DE EDUCAÇÃO,https://sigaa.ufpb.br/sigaa/public/curso/portal.jsf?id=1626768&lc=pt_BR,Arts and Humanities
CIÊNCIAS ECONÔMICAS,João Pessoa,Presencial,Bacharelado,CCSA,CENTRO DE CIÊNCIAS SOCIAIS E APLICADAS,https://sigaa.ufpb.br/sigaa/public/curso/portal.jsf?id=1626696&lc=pt_BR,Business and Economics
CIÊNCIAS NATURAIS,João Pessoa,A Distância,Licenciatura,CE,CENTRO DE EDUCAÇÃO,https://sigaa.ufpb.br/sigaa/public/curso/portal.jsf?id=1626848&lc=pt_BR,Physical Sciences
CIÊNCIAS SOCIAIS,João Pessoa,Presencial,Bacharelado e Licenciatura,CCHLA,"CENTRO DE CIÊNCIAS HUMANAS, LETRAS E ARTES",https://sigaa.ufpb.br/sigaa/public/curso/portal.jsf?id=1626869&lc=pt_BR,Social Sciences
COMPUTAÇÃO,João Pessoa,A Distância,Licenciatura,CI,CENTRO DE INFORMÁTICA,https://sigaa.ufpb.br/sigaa/public/curso/portal.jsf?id=1813971&lc=pt_BR,Education
COMUNICAÇÃO EM MÍDIAS DIGITAIS,João Pessoa,Presencial,Bacharelado,CCHLA,"CENTRO DE CIÊNCIAS HUMANAS, LETRAS E ARTES",https://sigaa.ufpb.br/sigaa/public/curso/portal.jsf?id=1626827&lc=pt_BR,Social Sciences
COMUNICAÇÃO SOCIAL,João Pessoa,Presencial,Bacharelado,CCTA,"CENTRO DE COMUNICAÇÃO, TURISMO E ARTES",https://sigaa.ufpb.br/sigaa/public/curso/portal.jsf?id=1626656&lc=pt_BR,Social Sciences
DANÇA,João Pessoa,Presencial,Licenciatura,CCTA,"CENTRO DE COMUNICAÇÃO, TURISMO E ARTES",https://sigaa.ufpb.br/sigaa/public/curso/portal.jsf?id=1813968&lc=pt_BR,Arts and Humanities
DESIGN,Rio Tinto,Presencial,Bacharelado,CCAE,CENTRO DE CIÊNCIAS APLICADAS E EDUCAÇÃO,https://sigaa.ufpb.br/sigaa/public/curso/portal.jsf?id=1626836&lc=pt_BR,Arts and Humanities
DIREITO,João Pessoa,Presencial,Bacharelado,CCJ,CENTRO DE CIÊNCIAS JURÍDICAS,https://sigaa.ufpb.br/sigaa/public/curso/portal.jsf?id=1626727&lc=pt_BR,Law
DIREITO,Santa Rita,Presencial,Bacharelado,CCJ,CENTRO DE CIÊNCIAS JURÍDICAS,https://sigaa.ufpb.br/sigaa/public/curso/portal.jsf?id=1626880&lc=pt_BR,Law
ECOLOGIA,Rio Tinto,Presencial,Bacharelado,CCAE,CENTRO DE CIÊNCIAS APLICADAS E EDUCAÇÃO,https://sigaa.ufpb.br/sigaa/public/curso/portal.jsf?id=1626787&lc=pt_BR,Life Sciences
EDUCAÇÃO ARTÍSTICA,João Pessoa,Presencial,Licenciatura,CCTA,"CENTRO DE COMUNICAÇÃO, TURISMO E ARTES",https://sigaa.ufpb.br/sigaa/public/curso/portal.jsf?id=1626707&lc=pt_BR,Education
EDUCAÇÃO FÍSICA,João Pessoa,Presencial,Bacharelado,CCS,CENTRO DE CIÊNCIAS DA SAÚDE,https://sigaa.ufpb.br/sigaa/public/curso/portal.jsf?id=2663771&lc=pt_BR,Clinical and Health
EDUCAÇÃO FÍSICA,João Pessoa,Presencial,Licenciatura,CCS,CENTRO DE CIÊNCIAS DA SAÚDE,https://sigaa.ufpb.br/sigaa/public/curso/portal.jsf?id=1626645&lc=pt_BR,Education
ENFERMAGEM,João Pessoa,Presencial,Bacharelado e Licenciatura,CCS,CENTRO DE CIÊNCIAS DA SAÚDE,https://sigaa.ufpb.br/sigaa/public/curso/portal.jsf?id=1626663&lc=pt_BR,Clinical and Health
ENGENHARIA AMBIENTAL,João Pessoa,Presencial,Bacharelado,CT,CENTRO DE TECNOLOGIA,https://sigaa.ufpb.br/sigaa/public/curso/portal.jsf?id=1626806&lc=pt_BR,Engineering
ENGENHARIA CIVIL,João Pessoa,Presencial,Bacharelado,CT,CENTRO DE TECNOLOGIA,https://sigaa.ufpb.br/sigaa/public/curso/portal.jsf?id=1626738&lc=pt_BR,Engineering
ENGENHARIA DA COMPUTAÇÃO,João Pessoa,Presencial,Bacharelado,CI,CENTRO DE INFORMÁTICA,https://sigaa.ufpb.br/sigaa/public/curso/portal.jsf?id=1626865&lc=pt_BR,Engineering
ENGENHARIA DE ALIMENTOS,João Pessoa,Presencial,Bacharelado,CT,CENTRO DE TECNOLOGIA,https://sigaa.ufpb.br/sigaa/public/curso/portal.jsf?id=1626740&lc=pt_BR,Engineering
ENGENHARIA DE ENERGIAS RENOVÁVEIS,João Pessoa,Presencial,Bacharelado,CEAR,CENTRO DE ENERGIAS E ALTERNATIVAS E RENOVÁVEIS,https://sigaa.ufpb.br/sigaa/public/curso/portal.jsf?id=1626777&lc=pt_BR,Engineering
ENGENHARIA DE MATERIAIS,João Pessoa,Presencial,Bacharelado,CT,CENTRO DE TECNOLOGIA,https://sigaa.ufpb.br/sigaa/public/curso/portal.jsf?id=1626809&lc=pt_BR,Engineering
ENGENHARIA DE PRODUÇÃO,João Pessoa,Presencial,Bacharelado,CT,CENTRO DE TECNOLOGIA,https://sigaa.ufpb.br/sigaa/public/curso/portal.jsf?id=1626849&lc=pt_BR,Engineering
ENGENHARIA DE PRODUÇÃO MECÂNICA,João Pessoa,Presencial,Bacharelado,CT,CENTRO DE TECNOLOGIA,https://sigaa.ufpb.br/sigaa/public/curso/portal.jsf?id=1626741&lc=pt_BR,Engineering
ENGENHARIA ELÉTRICA,João Pessoa,Presencial,Bacharelado,CEAR,CENTRO DE ENERGIAS E ALTERNATIVAS E RENOVÁVEIS,https://sigaa.ufpb.br/sigaa/public/curso/portal.jsf?id=1626808&lc=pt_BR,Engineering
ENGENHARIA MECÂNICA,João Pessoa,Presencial,Bacharelado,CT,CENTRO DE TECNOLOGIA,https://sigaa.ufpb.br/sigaa/public/curso/portal.jsf?id=1626866&lc=pt_BR,Engineering
ENGENHARIA QUÍMICA,João Pessoa,Presencial,Bacharelado,CT,CENTRO DE TECNOLOGIA,https://sigaa.ufpb.br/sigaa/public/curso/portal.jsf?id=1626804&lc=pt_BR,Engineering
ESTATÍSTICA,João Pessoa,Presencial,Bacharelado,CCEN,CENTRO DE CIÊNCIAS EXATAS E DA NATUREZA,https://sigaa.ufpb.br/sigaa/public/curso/portal.jsf?id=1626868&lc=pt_BR,Physical Sciences
FARMÁCIA,João Pessoa,Presencial,Bacharelado,CCS,CENTRO DE CIÊNCIAS DA SAÚDE,https://sigaa.ufpb.br/sigaa/public/curso/portal.jsf?id=1626729&lc=pt_BR,Clinical and Health
FILOSOFIA,João Pessoa,Presencial,Bacharelado e Licenciatura,CCHLA,"CENTRO DE CIÊNCIAS HUMANAS, LETRAS E ARTES",https://sigaa.ufpb.br/sigaa/public/curso/portal.jsf?id=1626711&lc=pt_BR,Arts and Humanities
FISIOTERAPIA,João Pessoa,Presencial,Bacharelado,CCS,CENTRO DE CIÊNCIAS DA SAÚDE,https://sigaa.ufpb.br/sigaa/public/curso/portal.jsf?id=1626867&lc=pt_BR,Clinical and Health
FONOAUDIOLOGIA,João Pessoa,Presencial,Bacharelado,CCS,CENTRO DE CIÊNCIAS DA SAÚDE,https://sigaa.ufpb.br/sigaa/public/curso/portal.jsf?id=1626815&lc=pt_BR,Clinical and Health
FÍSICA,João Pessoa,Presencial,Bacharelado e Licenciatura,CCEN,CENTRO DE CIÊNCIAS EXATAS E DA NATUREZA,https://sigaa.ufpb.br/sigaa/public/curso/portal.jsf?id=1626675&lc=pt_BR,Physical Sciences
GASTRONOMIA,João Pessoa,Presencial,Bacharelado,CTDR,CENTRO DE TECNOLOGIA E DESENVOLVIMENTO REGIONAL,https://sigaa.ufpb.br/sigaa/public/curso/portal.jsf?id=1976359&lc=pt_BR,Arts and Humanities
GEOGRAFIA,João Pessoa,Presencial,Licenciatura,CCEN,CENTRO DE CIÊNCIAS EXATAS E DA NATUREZA,https://sigaa.ufpb.br/sigaa/public/curso/portal.jsf?id=4028601&lc=pt_BR,Education
GEOGRAFIA,João Pessoa,Presencial,Bacharelado,CCEN,CENTRO DE CIÊNCIAS EXATAS E DA NATUREZA,https://sigaa.ufpb.br/sigaa/public/curso/portal.jsf?id=1626651&lc=pt_BR,Physical Sciences
GESTÃO PÚBLICA,João Pessoa,Presencial,Bacharelado,CCSA,CENTRO DE CIÊNCIAS SOCIAIS E APLICADAS,https://sigaa.ufpb.br/sigaa/public/curso/portal.jsf?id=5766890&lc=pt_BR,Social Sciences
HISTORIA/MSC,João Pessoa,Presencial,Licenciatura,CCHLA,"CENTRO DE CIÊNCIAS HUMANAS, LETRAS E ARTES",https://sigaa.ufpb.br/sigaa/public/curso/portal.jsf?id=2663764&lc=pt_BR,Education
HISTÓRIA,João Pessoa,Presencial,Licenciatura,CCHLA,"CENTRO DE CIÊNCIAS HUMANAS, LETRAS E ARTES",https://sigaa.ufpb.br/sigaa/public/curso/portal.jsf?id=1626832&lc=pt_BR,Education
HOTELARIA,João Pessoa,Presencial,Bacharelado,CCTA,"CENTRO DE COMUNICAÇÃO, TURISMO E ARTES",https://sigaa.ufpb.br/sigaa/public/curso/portal.jsf?id=2291377&lc=pt_BR,Business and Economics
JORNALISMO,João Pessoa,Presencial,Bacharelado,CCTA,"CENTRO DE COMUNICAÇÃO, TURISMO E ARTES",https://sigaa.ufpb.br/sigaa/public/curso/portal.jsf?id=1626775&lc=pt_BR,Social Sciences
LETRAS,João Pessoa,A Distância,Licenciatura,CCHLA,"CENTRO DE CIÊNCIAS HUMANAS, LETRAS E ARTES",https://sigaa.ufpb.br/sigaa/public/curso/portal.jsf?id=1626844&lc=pt_BR,Education
LETRAS/ESPANHOL,João Pessoa,Presencial,Licenciatura,CCHLA,"CENTRO DE CIÊNCIAS HUMANAS, LETRAS E ARTES",https://sigaa.ufpb.br/sigaa/public/curso/portal.jsf?id=2663753&lc=pt_BR,Education
LETRAS/ESPANHOL,Mamanguape,A Distância,Licenciatura,CCAE,CENTRO DE CIÊNCIAS APLICADAS E EDUCAÇÃO,https://sigaa.ufpb.br/sigaa/public/curso/portal.jsf?id=2663760&lc=pt_BR,Arts and Humanities
LETRAS/FRANCÊS,João Pessoa,Presencial,Licenciatura,CCHLA,"CENTRO DE CIÊNCIAS HUMANAS, LETRAS E ARTES",https://sigaa.ufpb.br/sigaa/public/curso/portal.jsf?id=4057805&lc=pt_BR,Education
LETRAS/GREGO_LATIM,João Pessoa,Presencial,Licenciatura,CCHLA,"CENTRO DE CIÊNCIAS HUMANAS, LETRAS E ARTES",https://sigaa.ufpb.br/sigaa/public/curso/portal.jsf?id=2663739&lc=pt_BR,Education
LETRAS/INGLÊS,Mamanguape,A Distância,Licenciatura,CCAE,CENTRO DE CIÊNCIAS APLICADAS E EDUCAÇÃO,https://sigaa.ufpb.br/sigaa/public/curso/portal.jsf?id=2051542&lc=pt_BR,Arts and Humanities
LETRAS/INGLÊS,João Pessoa,Presencial,Licenciatura,CCHLA,"CENTRO DE CIÊNCIAS HUMANAS, LETRAS E ARTES",https://sigaa.ufpb.br/sigaa/public/curso/portal.jsf?id=2663749&lc=pt_BR,Education
LETRAS/LIBRAS,João Pessoa,A Distância,Licenciatura,CCHLA,"CENTRO DE CIÊNCIAS HUMANAS, LETRAS E ARTES",https://sigaa.ufpb.br/sigaa/public/curso/portal.jsf?id=2663763&lc=pt_BR,Education
LETRAS/LÍNGUA PORTUGUESA,Mamanguape,Presencial,Licenciatura,CCAE,CENTRO DE CIÊNCIAS APLICADAS E EDUCAÇÃO,https://sigaa.ufpb.br/sigaa/public/curso/portal.jsf?id=1626874&lc=pt_BR,Arts and Humanities
LETRAS/LÍNGUA PORTUGUESA,João Pessoa,Presencial,Licenciatura,CCHLA,"CENTRO DE CIÊNCIAS HUMANAS, LETRAS E ARTES",https://sigaa.ufpb.br/sigaa/public/curso/portal.jsf?id=1626872&lc=pt_BR,Education
LÍNGUAS ESTRANGEIRAS APLICADAS ÀS NEGOCIAÇÕES INTERNACIONAIS,João Pessoa,Presencial,Bacharelado,CCHLA,"CENTRO DE CIÊNCIAS HUMANAS, LETRAS E ARTES",https://sigaa.ufpb.br/sigaa/public/curso/portal.jsf?id=1626814&lc=pt_BR,Business and Economics
MATEMÁTICA,João Pessoa,Presencial,Bacharelado e Licenciatura,CCEN,CENTRO DE CIÊNCIAS EXATAS E DA NATUREZA,https://sigaa.ufpb.br/sigaa/public/curso/portal.jsf?id=1626681&lc=pt_BR,Physical Sciences
MATEMÁTICA,João Pessoa,A Distância,Licenciatura,CCEN,CENTRO DE CIÊNCIAS EXATAS E DA NATUREZA,https://sigaa.ufpb.br/sigaa/public/curso/portal.jsf?id=1626841&lc=pt_BR,Education
MATEMÁTICA,Rio Tinto,Presencial,Licenciatura,CCAE,CENTRO DE CIÊNCIAS APLICADAS E EDUCAÇÃO,https://sigaa.ufpb.br/sigaa/public/curso/portal.jsf?id=1626785&lc=pt_BR,Education
MATEMÁTICA COMPUTACIONAL,João Pessoa,Presencial,Bacharelado,CI,CENTRO DE INFORMÁTICA,https://sigaa.ufpb.br/sigaa/public/curso/portal.jsf?id=1626769&lc=pt_BR,Computer Science
MEDICINA,João Pessoa,Presencial,Bacharelado,CCM,CENTRO DE CIENCIAS MEDICAS,https://sigaa.ufpb.br/sigaa/public/curso/portal.jsf?id=1626795&lc=pt_BR,Clinical and Health
MEDICINA VETERINÁRIA,Areia,Presencial,Bacharelado,CCA,CENTRO DE CIÊNCIAS AGRÁRIAS,https://sigaa.ufpb.br/sigaa/public/curso/portal.jsf?id=1626810&lc=pt_BR,Life Sciences
MUSICA POPULAR,João Pessoa,Presencial,Formação Específica,CCTA,"CENTRO DE COMUNICAÇÃO, TURISMO E ARTES",https://sigaa.ufpb.br/sigaa/public/curso/portal.jsf?id=1626881&lc=pt_BR,Arts and Humanities
MÚSICA,João Pessoa,Presencial,Licenciatura,CCTA,"CENTRO DE COMUNICAÇÃO, TURISMO E ARTES",https://sigaa.ufpb.br/sigaa/public/curso/portal.jsf?id=1626778&lc=pt_BR,Education
MÚSICA,João Pessoa,Presencial,Bacharelado,CCTA,"CENTRO DE COMUNICAÇÃO, TURISMO E ARTES",https://sigaa.ufpb.br/sigaa/public/curso/portal.jsf?id=2675573&lc=pt_BR,Arts and Humanities
NUTRIÇÃO,João Pessoa,Presencial,Bacharelado,CCS,CENTRO DE CIÊNCIAS DA SAÚDE,https://sigaa.ufpb.br/sigaa/public/curso/portal.jsf?id=1626733&lc=pt_BR,Clinical and Health
ODONTOLOGIA,João Pessoa,Presencial,Bacharelado,CCS,CENTRO DE CIÊNCIAS DA SAÚDE,https://sigaa.ufpb.br/sigaa/public/curso/portal.jsf?id=1626646&lc=pt_BR,Clinical and Health
PEDAGOGIA,Bananeiras,Presencial,Licenciatura,CCHSA,CENTRO DE CIÊNCIAS HUMANAS SOCIAIS E AGRÁRIAS,https://sigaa.ufpb.br/sigaa/public/curso/portal.jsf?id=1626877&lc=pt_BR,Education
PEDAGOGIA,Mamanguape,Presencial,Licenciatura,CCAE,CENTRO DE CIÊNCIAS APLICADAS E EDUCAÇÃO,https://sigaa.ufpb.br/sigaa/public/curso/portal.jsf?id=1626838&lc=pt_BR,Education
PEDAGOGIA,João Pessoa,Presencial,Licenciatura,CE,CENTRO DE EDUCAÇÃO,https://sigaa.ufpb.br/sigaa/public/curso/portal.jsf?id=1626698&lc=pt_BR,Education
PEDAGOGIA,João Pessoa,A Distância,Licenciatura,CE,CENTRO DE EDUCAÇÃO,https://sigaa.ufpb.br/sigaa/public/curso/portal.jsf?id=1626845&lc=pt_BR,Education
PEDAGOGIA/EDUCAÇÃO DO CAMPO,João Pessoa,Presencial,Licenciatura,CE,CENTRO DE EDUCAÇÃO,https://sigaa.ufpb.br/sigaa/public/curso/portal.jsf?id=2699762&lc=pt_BR,Education
PEDAGOGIA/MSC,João Pessoa,Presencial,Licenciatura,CE,CENTRO DE EDUCAÇÃO,https://sigaa.ufpb.br/sigaa/public/curso/portal.jsf?id=2663759&lc=pt_BR,Education
PSICOLOGIA,João Pessoa,Presencial,Formação e Licenciatura,CCHLA,"CENTRO DE CIÊNCIAS HUMANAS, LETRAS E ARTES",https://sigaa.ufpb.br/sigaa/public/curso/portal.jsf?id=1626724&lc=pt_BR,Psychology
PSICOPEDAGOGIA,João Pessoa,Presencial,Bacharelado,CE,CENTRO DE EDUCAÇÃO,https://sigaa.ufpb.br/sigaa/public/curso/portal.jsf?id=1626818&lc=pt_BR,Education
QUÍMICA,João Pessoa,Presencial,Bacharelado e Licenciatura,CCEN,CENTRO DE CIÊNCIAS EXATAS E DA NATUREZA,https://sigaa.ufpb.br/sigaa/public/curso/portal.jsf?id=1626799&lc=pt_BR,Physical Sciences
QUÍMICA,Areia,Presencial,Bacharelado e Licenciatura,CCA,CENTRO DE CIÊNCIAS AGRÁRIAS,https://sigaa.ufpb.br/sigaa/public/curso/portal.jsf?id=1626770&lc=pt_BR,Physical Sciences
QUÍMICA,Areia,Presencial,Bacharelado,CCA,CENTRO DE CIÊNCIAS AGRÁRIAS,https://sigaa.ufpb.br/sigaa/public/curso/portal.jsf?id=19435273&lc=pt_BR,Physical Sciences
QUÍMICA INDUSTRIAL,João Pessoa,Presencial,Bacharelado,CT,CENTRO DE TECNOLOGIA,https://sigaa.ufpb.br/sigaa/public/curso/portal.jsf?id=1626647&lc=pt_BR,Physical Sciences
RADIALISMO,João Pessoa,Presencial,Bacharelado,CCTA,"CENTRO DE COMUNICAÇÃO, TURISMO E ARTES",https://sigaa.ufpb.br/sigaa/public/curso/portal.jsf?id=1626774&lc=pt_BR,Social Sciences
REGÊNCIA DE BANDAS E FANFARRAS,João Pessoa,Presencial,Sequencial,CCTA,"CENTRO DE COMUNICAÇÃO, TURISMO E ARTES",https://sigaa.ufpb.br/sigaa/public/curso/portal.jsf?id=1626823&lc=pt_BR,Arts and Humanities
RELACÕES INTERNACIONAIS,João Pessoa,Presencial,Bacharelado,CCSA,CENTRO DE CIÊNCIAS SOCIAIS E APLICADAS,https://sigaa.ufpb.br/sigaa/public/curso/portal.jsf?id=1626850&lc=pt_BR,Social Sciences
RELAÇÕES PÚBLICAS,João Pessoa,Presencial,Bacharelado,CCTA,"CENTRO DE COMUNICAÇÃO, TURISMO E ARTES",https://sigaa.ufpb.br/sigaa/public/curso/portal.jsf?id=1626773&lc=pt_BR,Social Sciences
SECRETARIADO EXECUTIVO BILÍNGUE,Mamanguape,Presencial,Bacharelado,CCAE,CENTRO DE CIÊNCIAS APLICADAS E EDUCAÇÃO,https://sigaa.ufpb.br/sigaa/public/curso/portal.jsf?id=1626793&lc=pt_BR,Business and Economics
SERVIÇO SOCIAL,João Pessoa,Presencial,Bacharelado,CCHLA,"CENTRO DE CIÊNCIAS HUMANAS, LETRAS E ARTES",https://sigaa.ufpb.br/sigaa/public/curso/portal.jsf?id=1626882&lc=pt_BR,Social Sciences
SISTEMAS DE INFORMAÇÃO,Rio Tinto,Presencial,Bacharelado,CCAE,CENTRO DE CIÊNCIAS APLICADAS E EDUCAÇÃO,https://sigaa.ufpb.br/sigaa/public/curso/portal.jsf?id=1626837&lc=pt_BR,Computer Science
TEATRO,João Pessoa,Presencial,Bacharelado,CCTA,"CENTRO DE COMUNICAÇÃO, TURISMO E ARTES",https://sigaa.ufpb.br/sigaa/public/curso/portal.jsf?id=2663765&lc=pt_BR,Arts and Humanities
TEATRO,João Pessoa,Presencial,Licenciatura,CCTA,"CENTRO DE COMUNICAÇÃO, TURISMO E ARTES",https://sigaa.ufpb.br/sigaa/public/curso/portal.jsf?id=1626842&lc=pt_BR,Education
TECNOLOGIA DE ALIMENTOS,João Pessoa,Presencial,Tecnólogo,CTDR,CENTRO DE TECNOLOGIA E DESENVOLVIMENTO REGIONAL,https://sigaa.ufpb.br/sigaa/public/curso/portal.jsf?id=1626859&lc=pt_BR,Engineering
TECNOLOGIA EM GESTÃO PÚBLICA,João Pessoa,Presencial,Tecnólogo,CCSA,CENTRO DE CIÊNCIAS SOCIAIS E APLICADAS,https://sigaa.ufpb.br/sigaa/public/curso/portal.jsf?id=1626826&lc=pt_BR,Social Sciences
TECNOLOGIA EM PRODUÇÃO SUCROALCOOLEIRA,João Pessoa,Presencial,Tecnólogo,CTDR,CENTRO DE TECNOLOGIA E DESENVOLVIMENTO REGIONAL,https://sigaa.ufpb.br/sigaa/public/curso/portal.jsf?id=1626861&lc=pt_BR,Engineering
TERAPIA OCUPACIONAL,João Pessoa,Presencial,Bacharelado,CCS,CENTRO DE CIÊNCIAS DA SAÚDE,https://sigaa.ufpb.br/sigaa/public/curso/portal.jsf?id=1626813&lc=pt_BR,Clinical and Health
TRADUÇÃO,João Pessoa,Presencial,Bacharelado,CCHLA,"CENTRO DE CIÊNCIAS HUMANAS, LETRAS E ARTES",https://sigaa.ufpb.br/sigaa/public/curso/portal.jsf?id=1626816&lc=pt_BR,Business and Economics
TURISMO,João Pessoa,Presencial,Bacharelado,CCTA,"CENTRO DE COMUNICAÇÃO, TURISMO E ARTES",https://sigaa.ufpb.br/sigaa/public/curso/portal.jsf?id=1626743&lc=pt_BR,Business and Economics
ZOOTECNIA,Areia,Presencial,Bacharelado,CCA,CENTRO DE CIÊNCIAS AGRÁRIAS,https://sigaa.ufpb.br/sigaa/public/curso/portal.jsf?id=1626754&lc=pt_BR,Life Sciences
